{"cameraMode":{"drawMode":0,"name":"Shaded","section":"Shading Mode"},"sceneLighting":true,"audioPlay":false,"sceneViewState":{"m_AlwaysRefresh":false,"showFog":true,"showSkybox":true,"showFlares":true,"showImageEffects":true,"showParticleSystems":true,"showVisualEffectGraphs":true,"m_FxEnabled":true},"in2DMode":false,"pivot":{"x":-2.7424418926239015,"y":-0.7842493057250977,"z":-7.314624786376953},"rotation":{"x":0.17040139436721803,"y":-0.3019956946372986,"z":0.054951321333646777,"w":0.9364027976989746},"size":1.6083019971847535,"orthographic":false}