{"cameraMode":{"drawMode":0,"name":"Shaded","section":"Shading Mode"},"sceneLighting":false,"audioPlay":false,"sceneViewState":{"m_AlwaysRefresh":false,"showFog":true,"showSkybox":false,"showFlares":true,"showImageEffects":true,"showParticleSystems":true,"showVisualEffectGraphs":true,"m_FxEnabled":true},"in2DMode":false,"pivot":{"x":-5.5686445236206059,"y":-0.13354313373565675,"z":-7.288499355316162},"rotation":{"x":0.030424267053604127,"y":-0.96955806016922,"z":0.17492835223674775,"w":0.16864220798015595},"size":15.297806739807129,"orthographic":false}