{"cameraMode":{"drawMode":0,"name":"Shaded","section":"Shading Mode"},"sceneLighting":false,"audioPlay":false,"sceneViewState":{"m_AlwaysRefresh":false,"showFog":true,"showSkybox":false,"showFlares":true,"showImageEffects":true,"showParticleSystems":true,"showVisualEffectGraphs":true,"m_FxEnabled":true},"in2DMode":false,"pivot":{"x":-2.5945448875427248,"y":1.8229777812957764,"z":2.8451766967773439},"rotation":{"x":0.00234846374951303,"y":-0.9893076419830322,"z":0.14496879279613496,"w":0.016042213886976243},"size":3.6419148445129396,"orthographic":false}