{"cameraMode":{"drawMode":0,"name":"Shaded","section":"Shading Mode"},"sceneLighting":false,"audioPlay":false,"sceneViewState":{"m_AlwaysRefresh":false,"showFog":true,"showSkybox":false,"showFlares":true,"showImageEffects":true,"showParticleSystems":true,"showVisualEffectGraphs":true,"m_FxEnabled":true},"in2DMode":false,"pivot":{"x":-2.4759864807128908,"y":1.4999990463256837,"z":-2.4755325317382814},"rotation":{"x":0.030424267053604127,"y":-0.96955806016922,"z":0.17492835223674775,"w":0.16864220798015595},"size":4.164620399475098,"orthographic":false}